id_factura,agencia,modelo,transmisión,fecha_venta,precio_lista,precio_venta,año,mes,año_mes
F-2796,MONTERREY,MINI Cooper Bakerstreet(AUT),AUTOMÁTICA,04/03/2011,351500.00,316912.40,2011,03-mar,2011-03-MAR
F-2811,ZAPOPAN,MINI Cooper Bakerstreet(AUT),AUTOMÁTICA,14/04/2011,351500.00,316912.40,2011,04-abr,2011-04-ABR
F-2828,REFORMA,MINI Cooper Bakerstreet(AUT),AUTOMÁTICA,14/07/2011,351500.00,336837.76,2011,07-jul,2011-07-JUL
F-2881,MONTERREY,MINI Cooper Bakerstreet(AUT),AUTOMÁTICA,27/02/2012,351500.00,323380.00,2012,02-feb,2012-02-FEB
F-2899,ZAPOPAN,MINI Cooper Bakerstreet(AUT),AUTOMÁTICA,08/04/2012,351500.00,323380.00,2012,04-abr,2012-04-ABR
F-2904,LAS LOMAS,MINI Cooper Bakerstreet(AUT),AUTOMÁTICA,19/04/2012,351500.00,343712.00,2012,04-abr,2012-04-ABR
F-2935,REFORMA,MINI Cooper Bakerstreet(AUT),AUTOMÁTICA,08/07/2012,351500.00,343712.00,2012,07-jul,2012-07-JUL
F-2936,LAS LOMAS,MINI Cooper Bakerstreet(AUT),AUTOMÁTICA,10/07/2012,351500.00,343712.00,2012,07-jul,2012-07-JUL
F-2964,REFORMA,MINI Cooper Bakerstreet(AUT),AUTOMÁTICA,21/10/2012,351500.00,343712.00,2012,10-oct,2012-10-OCT
F-2815,ZAPOPAN,MINI Cooper Bayswater(AUT),AUTOMÁTICA,12/05/2011,390000.00,366912.00,2011,05-may,2011-05-MAY
F-2835,MONTERREY,MINI Cooper Bayswater(AUT),AUTOMÁTICA,02/09/2011,390000.00,321778.10,2011,09-sep,2011-09-SEP
F-2888,LAS LOMAS,MINI Cooper Bayswater(AUT),AUTOMÁTICA,14/03/2012,390000.00,374400.00,2012,03-mar,2012-03-MAR
F-2912,ZAPOPAN,MINI Cooper Bayswater(AUT),AUTOMÁTICA,06/05/2012,390000.00,374400.00,2012,05-may,2012-05-MAY
F-2950,MONTERREY,MINI Cooper Bayswater(AUT),AUTOMÁTICA,27/08/2012,390000.00,328345.00,2012,08-ago,2012-08-AGO
F-2974,ZAPOPAN,MINI Cooper Bayswater(AUT),AUTOMÁTICA,02/12/2012,390000.00,328345.00,2012,12-dic,2012-12-DIC
F-2804,LAS LOMAS,MINI Cooper All Black(AUT),AUTOMÁTICA,31/03/2011,338500.00,321778.10,2011,03-mar,2011-03-MAR
F-2825,ZAPOPAN,MINI Cooper All Black(AUT),AUTOMÁTICA,30/06/2011,338500.00,316912.40,2011,06-jun,2011-06-JUN
F-2834,LAS LOMAS,MINI Cooper All Black(AUT),AUTOMÁTICA,25/08/2011,338500.00,289933.00,2011,08-ago,2011-08-AGO
F-2842,LAS LOMAS,MINI Cooper All Black(AUT),AUTOMÁTICA,11/10/2011,338500.00,331730.00,2011,10-oct,2011-10-OCT
F-2844,LAS LOMAS,MINI Cooper All Black(AUT),AUTOMÁTICA,25/10/2011,338500.00,331730.00,2011,10-oct,2011-10-OCT
F-2845,MONTERREY,MINI Cooper All Black(AUT),AUTOMÁTICA,01/11/2011,338500.00,331730.00,2011,11-nov,2011-11-NOV
F-2850,LAS LOMAS,MINI Cooper All Black(AUT),AUTOMÁTICA,06/12/2011,338500.00,331730.00,2011,12-dic,2011-12-DIC
F-2852,REFORMA,MINI Cooper All Black(AUT),AUTOMÁTICA,20/12/2011,338500.00,331730.00,2011,12-dic,2011-12-DIC
F-2854,REFORMA,MINI Cooper All Black(AUT),AUTOMÁTICA,27/12/2011,338500.00,331730.00,2011,12-dic,2011-12-DIC
F-2864,REFORMA,MINI Cooper All Black(AUT),AUTOMÁTICA,17/01/2012,338500.00,331730.00,2012,01-ene,2012-01-ENE
F-2878,LAS LOMAS,MINI Cooper All Black(AUT),AUTOMÁTICA,19/02/2012,338500.00,328345.00,2012,02-feb,2012-02-FEB
F-2892,LAS LOMAS,MINI Cooper All Black(AUT),AUTOMÁTICA,25/03/2012,338500.00,328345.00,2012,03-mar,2012-03-MAR
F-2901,ZAPOPAN,MINI Cooper All Black(AUT),AUTOMÁTICA,11/04/2012,338500.00,323380.00,2012,04-abr,2012-04-ABR
F-2930,ZAPOPAN,MINI Cooper All Black(AUT),AUTOMÁTICA,24/06/2012,338500.00,323380.00,2012,06-jun,2012-06-JUN
F-2932,ZAPOPAN,MINI Cooper All Black(AUT),AUTOMÁTICA,26/06/2012,338500.00,323380.00,2012,06-jun,2012-06-JUN
F-2947,LAS LOMAS,MINI Cooper All Black(AUT),AUTOMÁTICA,19/08/2012,338500.00,295850.00,2012,08-ago,2012-08-AGO
F-2948,ZAPOPAN,MINI Cooper All Black(AUT),AUTOMÁTICA,19/08/2012,338500.00,338500.00,2012,08-ago,2012-08-AGO
F-2960,LAS LOMAS,MINI Cooper All Black(AUT),AUTOMÁTICA,12/10/2012,338500.00,338500.00,2012,10-oct,2012-10-OCT
F-2961,ZAPOPAN,MINI Cooper All Black(AUT),AUTOMÁTICA,07/10/2012,338500.00,323380.00,2012,10-oct,2012-10-OCT
F-2963,LAS LOMAS,MINI Cooper All Black(AUT),AUTOMÁTICA,26/10/2012,338500.00,338500.00,2012,10-oct,2012-10-OCT
F-2965,MONTERREY,MINI Cooper All Black(AUT),AUTOMÁTICA,02/11/2012,338500.00,338500.00,2012,11-nov,2012-11-NOV
F-2967,LAS LOMAS,MINI Cooper All Black(AUT),AUTOMÁTICA,09/11/2012,338500.00,338500.00,2012,11-nov,2012-11-NOV
F-2970,MONTERREY,MINI Cooper All Black(AUT),AUTOMÁTICA,23/11/2012,338500.00,338500.00,2012,11-nov,2012-11-NOV
F-2972,LAS LOMAS,MINI Cooper All Black(AUT),AUTOMÁTICA,25/11/2012,338500.00,295850.00,2012,11-nov,2012-11-NOV
F-2973,LAS LOMAS,MINI Cooper All Black(AUT),AUTOMÁTICA,07/12/2012,338500.00,338500.00,2012,12-dic,2012-12-DIC
F-2976,REFORMA,MINI Cooper All Black(AUT),AUTOMÁTICA,21/12/2012,338500.00,338500.00,2012,12-dic,2012-12-DIC
F-2978,REFORMA,MINI Cooper All Black(AUT),AUTOMÁTICA,28/12/2012,338500.00,338500.00,2012,12-dic,2012-12-DIC
F-2981,ZAPOPAN,MINI Cooper All Black(AUT),AUTOMÁTICA,11/12/2012,338500.00,338500.00,2012,12-dic,2012-12-DIC
F-2982,REFORMA,MINI Cooper All Black(AUT),AUTOMÁTICA,23/12/2012,338500.00,338500.00,2012,12-dic,2012-12-DIC
F-2808,LAS LOMAS,MINI Cooper Chili(AUT),AUTOMÁTICA,07/04/2011,350000.00,315560.00,2011,04-abr,2011-04-ABR
F-2827,MONTERREY,MINI Cooper Chili(AUT),AUTOMÁTICA,07/07/2011,350000.00,336837.76,2011,07-jul,2011-07-JUL
F-2843,ZAPOPAN,MINI Cooper Chili(AUT),AUTOMÁTICA,20/10/2011,350000.00,336837.76,2011,10-oct,2011-10-OCT
F-2879,ZAPOPAN,MINI Cooper Chili(AUT),AUTOMÁTICA,23/02/2012,350000.00,322000.00,2012,02-feb,2012-02-FEB
F-2896,LAS LOMAS,MINI Cooper Chili(AUT),AUTOMÁTICA,01/04/2012,350000.00,322000.00,2012,04-abr,2012-04-ABR
F-2903,LAS LOMAS,MINI Cooper Chili(AUT),AUTOMÁTICA,15/04/2012,350000.00,343712.00,2012,04-abr,2012-04-ABR
F-2933,MONTERREY,MINI Cooper Chili(AUT),AUTOMÁTICA,01/07/2012,350000.00,343712.00,2012,07-jul,2012-07-JUL
F-2934,LAS LOMAS,MINI Cooper Chili(AUT),AUTOMÁTICA,02/07/2012,350000.00,343712.00,2012,07-jul,2012-07-JUL
F-2962,ZAPOPAN,MINI Cooper Chili(AUT),AUTOMÁTICA,14/10/2012,350000.00,343712.00,2012,10-oct,2012-10-OCT
F-2792,ZAPOPAN,MINI Cooper Classic(AUT),AUTOMÁTICA,16/02/2011,287000.00,272822.20,2011,02-feb,2011-02-FEB
F-2809,LAS LOMAS,MINI Cooper Classic(AUT),AUTOMÁTICA,09/04/2011,287000.00,321778.10,2011,04-abr,2011-04-ABR
F-2823,LAS LOMAS,MINI Cooper Classic(AUT),AUTOMÁTICA,16/06/2011,287000.00,321778.10,2011,06-jun,2011-06-JUN
F-2840,ZAPOPAN,MINI Cooper Classic(AUT),AUTOMÁTICA,29/09/2011,287000.00,321778.10,2011,09-sep,2011-09-SEP
F-2874,ZAPOPAN,MINI Cooper Classic(AUT),AUTOMÁTICA,11/02/2012,287000.00,278390.00,2012,02-feb,2012-02-FEB
F-2886,MONTERREY,MINI Cooper Classic(AUT),AUTOMÁTICA,11/03/2012,287000.00,278390.00,2012,03-mar,2012-03-MAR
F-2897,LAS LOMAS,MINI Cooper Classic(AUT),AUTOMÁTICA,03/04/2012,287000.00,328345.00,2012,04-abr,2012-04-ABR
F-2925,LAS LOMAS,MINI Cooper Classic(AUT),AUTOMÁTICA,10/06/2012,287000.00,328345.00,2012,06-jun,2012-06-JUN
F-2927,REFORMA,MINI Cooper Classic(AUT),AUTOMÁTICA,14/06/2012,287000.00,328345.00,2012,06-jun,2012-06-JUN
F-2957,ZAPOPAN,MINI Cooper Classic(AUT),AUTOMÁTICA,23/09/2012,287000.00,328345.00,2012,09-sep,2012-09-SEP
F-2797,LAS LOMAS,MINI Cooper Green Park(AUT),AUTOMÁTICA,08/12/2011,373600.00,336837.76,2011,12-dic,2011-12-DIC
F-2812,MONTERREY,MINI Cooper Green Park(AUT),AUTOMÁTICA,21/04/2011,373600.00,336837.76,2011,04-abr,2011-04-ABR
F-2829,ZAPOPAN,MINI Cooper Green Park(AUT),AUTOMÁTICA,21/07/2011,373600.00,307230.00,2011,07-jul,2011-07-JUL
F-2846,REFORMA,MINI Cooper Green Park(AUT),AUTOMÁTICA,03/11/2011,373600.00,307230.00,2011,11-nov,2011-11-NOV
F-2882,LAS LOMAS,MINI Cooper Green Park(AUT),AUTOMÁTICA,02/03/2012,373600.00,343712.00,2012,03-mar,2012-03-MAR
F-2902,MONTERREY,MINI Cooper Green Park(AUT),AUTOMÁTICA,15/04/2012,373600.00,343712.00,2012,04-abr,2012-04-ABR
F-2907,ZAPOPAN,MINI Cooper Green Park(AUT),AUTOMÁTICA,23/04/2012,373600.00,313500.00,2012,04-abr,2012-04-ABR
F-2937,ZAPOPAN,MINI Cooper Green Park(AUT),AUTOMÁTICA,15/07/2012,373600.00,313500.00,2012,07-jul,2012-07-JUL
F-2938,ZAPOPAN,MINI Cooper Green Park(AUT),AUTOMÁTICA,18/07/2012,373600.00,313500.00,2012,07-jul,2012-07-JUL
F-2966,REFORMA,MINI Cooper Green Park(AUT),AUTOMÁTICA,28/10/2012,373600.00,313500.00,2012,10-oct,2012-10-OCT
F-2799,ZAPOPAN,MINI Cooper Hyde Park(AUT),AUTOMÁTICA,12/03/2011,373600.00,336837.76,2011,03-mar,2011-03-MAR
F-2813,ZAPOPAN,MINI Cooper Hyde Park(AUT),AUTOMÁTICA,28/04/2011,373600.00,336837.76,2011,04-abr,2011-04-ABR
F-2884,ZAPOPAN,MINI Cooper Hyde Park(AUT),AUTOMÁTICA,06/03/2012,373600.00,343712.00,2012,03-mar,2012-03-MAR
F-2905,ZAPOPAN,MINI Cooper Hyde Park(AUT),AUTOMÁTICA,22/04/2012,373600.00,343712.00,2012,04-abr,2012-04-ABR
F-2802,ZAPOPAN,MINI Cooper Oxford Street(AUT),AUTOMÁTICA,24/03/2011,403500.00,379612.80,2011,03-mar,2011-03-MAR
F-2837,MONTERREY,MINI Cooper Oxford Street(AUT),AUTOMÁTICA,10/09/2011,403500.00,315560.00,2011,09-sep,2011-09-SEP
F-2851,MONTERREY,MINI Cooper Oxford Street(AUT),AUTOMÁTICA,15/12/2011,403500.00,315560.00,2011,12-dic,2011-12-DIC
F-2890,ZAPOPAN,MINI Cooper Oxford Street(AUT),AUTOMÁTICA,18/03/2012,403500.00,387360.00,2012,03-mar,2012-03-MAR
F-2914,LAS LOMAS,MINI Cooper Oxford Street(AUT),AUTOMÁTICA,13/05/2012,403500.00,387360.00,2012,05-may,2012-05-MAY
F-2952,MONTERREY,MINI Cooper Oxford Street(AUT),AUTOMÁTICA,04/09/2012,403500.00,322000.00,2012,09-sep,2012-09-SEP
F-2975,MONTERREY,MINI Cooper Oxford Street(AUT),AUTOMÁTICA,09/12/2012,403500.00,322000.00,2012,12-dic,2012-12-DIC
F-2800,ZAPOPAN,MINI Cooper Pepper(AUT),AUTOMÁTICA,16/03/2011,381600.00,359009.28,2011,03-mar,2011-03-MAR
F-2841,LAS LOMAS,MINI Cooper Pepper(AUT),AUTOMÁTICA,04/10/2011,381600.00,336837.76,2011,10-oct,2011-10-OCT
F-2885,ZAPOPAN,MINI Cooper Pepper(AUT),AUTOMÁTICA,10/03/2012,381600.00,366336.00,2012,03-mar,2012-03-MAR
F-2909,LAS LOMAS,MINI Cooper Pepper(AUT),AUTOMÁTICA,29/04/2012,381600.00,366336.00,2012,04-abr,2012-04-ABR
F-2958,LAS LOMAS,MINI Cooper Pepper(AUT),AUTOMÁTICA,28/09/2012,381600.00,343712.00,2012,09-sep,2012-09-SEP
F-2980,ZAPOPAN,MINI Cooper Pepper(AUT),AUTOMÁTICA,30/12/2012,381600.00,343712.00,2012,12-dic,2012-12-DIC
F-2794,MONTERREY,MINI Cooper Salt(AUT),AUTOMÁTICA,20/11/2011,305000.00,289933.00,2011,11-nov,2011-11-NOV
F-2810,ZAPOPAN,MINI Cooper Salt(AUT),AUTOMÁTICA,13/04/2011,305000.00,315560.00,2011,04-abr,2011-04-ABR
F-2824,ZAPOPAN,MINI Cooper Salt(AUT),AUTOMÁTICA,26/06/2011,305000.00,315560.00,2011,06-jun,2011-06-JUN
F-2876,MONTERREY,MINI Cooper Salt(AUT),AUTOMÁTICA,15/02/2012,305000.00,295850.00,2012,02-feb,2012-02-FEB
F-2889,LAS LOMAS,MINI Cooper Salt(AUT),AUTOMÁTICA,18/03/2012,305000.00,295850.00,2012,03-mar,2012-03-MAR
F-2898,ZAPOPAN,MINI Cooper Salt(AUT),AUTOMÁTICA,07/04/2012,305000.00,322000.00,2012,04-abr,2012-04-ABR
F-2928,LAS LOMAS,MINI Cooper Salt(AUT),AUTOMÁTICA,17/06/2012,305000.00,322000.00,2012,06-jun,2012-06-JUN
F-2929,ZAPOPAN,MINI Cooper Salt(AUT),AUTOMÁTICA,20/06/2012,305000.00,322000.00,2012,06-jun,2012-06-JUN
F-2959,REFORMA,MINI Cooper Salt(AUT),AUTOMÁTICA,30/09/2012,305000.00,322000.00,2012,09-sep,2012-09-SEP
F-2788,LAS LOMAS,MINI Cooper Bakerstreet,ESTÁNDAR,23/12/2011,331500.00,305377.80,2011,12-dic,2011-12-DIC
F-2817,REFORMA,MINI Cooper Bakerstreet,ESTÁNDAR,21/05/2011,331500.00,351722.00,2011,05-may,2011-05-MAY
F-2865,LAS LOMAS,MINI Cooper Bakerstreet,ESTÁNDAR,18/12/2012,331500.00,311610.00,2012,12-dic,2012-12-DIC
F-2869,REFORMA,MINI Cooper Bakerstreet,ESTÁNDAR,29/01/2012,331500.00,311610.00,2012,01-ene,2012-01-ENE
F-2916,REFORMA,MINI Cooper Bakerstreet,ESTÁNDAR,15/05/2012,331500.00,358900.00,2012,05-may,2012-05-MAY
F-2946,LAS LOMAS,MINI Cooper Bakerstreet,ESTÁNDAR,19/08/2012,331500.00,358900.00,2012,08-ago,2012-08-AGO
F-2791,REFORMA,MINI Cooper Bayswater,ESTÁNDAR,08/11/2011,370000.00,351722.00,2011,11-nov,2011-11-NOV
F-2805,REFORMA,MINI Cooper Bayswater,ESTÁNDAR,01/04/2011,370000.00,272822.20,2011,04-abr,2011-04-ABR
F-2819,ZAPOPAN,MINI Cooper Bayswater,ESTÁNDAR,02/06/2011,370000.00,272822.20,2011,06-jun,2011-06-JUN
F-2838,LAS LOMAS,MINI Cooper Bayswater,ESTÁNDAR,15/09/2011,370000.00,289933.00,2011,09-sep,2011-09-SEP
F-2855,LAS LOMAS,MINI Cooper Bayswater,ESTÁNDAR,29/12/2011,370000.00,336837.76,2011,12-dic,2011-12-DIC
F-2871,REFORMA,MINI Cooper Bayswater,ESTÁNDAR,03/02/2012,370000.00,358900.00,2012,02-feb,2012-02-FEB
F-2880,ZAPOPAN,MINI Cooper Bayswater,ESTÁNDAR,26/11/2012,370000.00,358900.00,2012,11-nov,2012-11-NOV
F-2894,REFORMA,MINI Cooper Bayswater,ESTÁNDAR,26/03/2012,370000.00,278390.00,2012,03-mar,2012-03-MAR
F-2919,ZAPOPAN,MINI Cooper Bayswater,ESTÁNDAR,27/05/2012,370000.00,278390.00,2012,05-may,2012-05-MAY
F-2922,LAS LOMAS,MINI Cooper Bayswater,ESTÁNDAR,02/06/2012,370000.00,295850.00,2012,06-jun,2012-06-JUN
F-2953,LAS LOMAS,MINI Cooper Bayswater,ESTÁNDAR,09/09/2012,370000.00,295850.00,2012,09-sep,2012-09-SEP
F-2956,ZAPOPAN,MINI Cooper Bayswater,ESTÁNDAR,20/09/2012,370000.00,343712.00,2012,09-sep,2012-09-SEP
F-2979,LAS LOMAS,MINI Cooper Bayswater,ESTÁNDAR,23/12/2012,370000.00,343712.00,2012,12-dic,2012-12-DIC
F-2787,MONTERREY,MINI Cooper All Black,ESTÁNDAR,15/01/2011,318500.00,296523.50,2011,01-ene,2011-01-ENE
F-2832,ZAPOPAN,MINI Cooper All Black,ESTÁNDAR,11/08/2011,318500.00,325736.32,2011,08-ago,2011-08-AGO
F-2849,REFORMA,MINI Cooper All Black,ESTÁNDAR,24/11/2011,318500.00,272822.20,2011,11-nov,2011-11-NOV
F-2861,MONTERREY,MINI Cooper All Black,ESTÁNDAR,10/12/2012,318500.00,302575.00,2012,12-dic,2012-12-DIC
F-2863,REFORMA,MINI Cooper All Black,ESTÁNDAR,15/01/2012,318500.00,302575.00,2012,01-ene,2012-01-ENE
F-2911,ZAPOPAN,MINI Cooper All Black,ESTÁNDAR,05/05/2012,318500.00,332384.00,2012,05-may,2012-05-MAY
F-2943,ZAPOPAN,MINI Cooper All Black,ESTÁNDAR,05/08/2012,318500.00,332384.00,2012,08-ago,2012-08-AGO
F-2944,ZAPOPAN,MINI Cooper All Black,ESTÁNDAR,11/08/2012,318500.00,278390.00,2012,08-ago,2012-08-AGO
F-2971,REFORMA,MINI Cooper All Black,ESTÁNDAR,18/11/2012,318500.00,278390.00,2012,11-nov,2012-11-NOV
F-2789,ZAPOPAN,MINI Cooper Chili,ESTÁNDAR,27/12/2011,330000.00,307230.00,2011,12-dic,2011-12-DIC
F-2833,MONTERREY,MINI Cooper Chili,ESTÁNDAR,18/08/2011,330000.00,333105.92,2011,08-ago,2011-08-AGO
F-2862,LAS LOMAS,MINI Cooper Chili,ESTÁNDAR,14/01/2012,330000.00,313500.00,2012,01-ene,2012-01-ENE
F-2866,ZAPOPAN,MINI Cooper Chili,ESTÁNDAR,22/01/2012,330000.00,313500.00,2012,01-ene,2012-01-ENE
F-2913,MONTERREY,MINI Cooper Chili,ESTÁNDAR,09/05/2012,330000.00,339904.00,2012,05-may,2012-05-MAY
F-2945,MONTERREY,MINI Cooper Chili,ESTÁNDAR,12/08/2012,330000.00,339904.00,2012,08-ago,2012-08-AGO
F-2783,LAS LOMAS,MINI Cooper Classic,ESTÁNDAR,06/01/2011,267000.00,248577.00,2011,01-ene,2011-01-ENE
F-2784,REFORMA,MINI Cooper Classic,ESTÁNDAR,07/12/2011,267000.00,248577.00,2011,12-dic,2011-12-DIC
F-2801,ZAPOPAN,MINI Cooper Classic,ESTÁNDAR,18/11/2011,267000.00,261660.00,2011,11-nov,2011-11-NOV
F-2806,LAS LOMAS,MINI Cooper Classic,ESTÁNDAR,01/04/2011,267000.00,261660.00,2011,04-abr,2011-04-ABR
F-2814,REFORMA,MINI Cooper Classic,ESTÁNDAR,29/04/2011,267000.00,261660.00,2011,04-abr,2011-04-ABR
F-2816,ZAPOPAN,MINI Cooper Classic,ESTÁNDAR,20/05/2011,267000.00,261660.00,2011,05-may,2011-05-MAY
F-2821,REFORMA,MINI Cooper Classic,ESTÁNDAR,03/06/2011,267000.00,261660.00,2011,06-jun,2011-06-JUN
F-2826,MONTERREY,MINI Cooper Classic,ESTÁNDAR,01/07/2011,267000.00,261660.00,2011,07-jul,2011-07-JUL
F-2830,MONTERREY,MINI Cooper Classic,ESTÁNDAR,28/07/2011,267000.00,305377.80,2011,07-jul,2011-07-JUL
F-2847,LAS LOMAS,MINI Cooper Classic,ESTÁNDAR,10/11/2011,267000.00,305377.80,2011,11-nov,2011-11-NOV
F-2856,LAS LOMAS,MINI Cooper Classic,ESTÁNDAR,01/01/2012,267000.00,253650.00,2012,01-ene,2012-01-ENE
F-2857,REFORMA,MINI Cooper Classic,ESTÁNDAR,02/01/2012,267000.00,253650.00,2012,01-ene,2012-01-ENE
F-2858,MONTERREY,MINI Cooper Classic,ESTÁNDAR,03/12/2012,267000.00,267000.00,2012,12-dic,2012-12-DIC
F-2887,ZAPOPAN,MINI Cooper Classic,ESTÁNDAR,26/03/2012,267000.00,267000.00,2012,03-mar,2012-03-MAR
F-2893,LAS LOMAS,MINI Cooper Classic,ESTÁNDAR,09/04/2012,267000.00,267000.00,2012,04-abr,2012-04-ABR
F-2900,LAS LOMAS,MINI Cooper Classic,ESTÁNDAR,23/04/2012,267000.00,267000.00,2012,04-abr,2012-04-ABR
F-2906,REFORMA,MINI Cooper Classic,ESTÁNDAR,07/05/2012,267000.00,267000.00,2012,05-may,2012-05-MAY
F-2908,MONTERREY,MINI Cooper Classic,ESTÁNDAR,27/04/2012,267000.00,311610.00,2012,04-abr,2012-04-ABR
F-2915,ZAPOPAN,MINI Cooper Classic,ESTÁNDAR,28/05/2012,267000.00,267000.00,2012,05-may,2012-05-MAY
F-2921,REFORMA,MINI Cooper Classic,ESTÁNDAR,11/06/2012,267000.00,267000.00,2012,06-jun,2012-06-JUN
F-2926,REFORMA,MINI Cooper Classic,ESTÁNDAR,25/06/2012,267000.00,267000.00,2012,06-jun,2012-06-JUN
F-2931,MONTERREY,MINI Cooper Classic,ESTÁNDAR,09/07/2012,267000.00,267000.00,2012,07-jul,2012-07-JUL
F-2939,MONTERREY,MINI Cooper Classic,ESTÁNDAR,22/07/2012,267000.00,311610.00,2012,07-jul,2012-07-JUL
F-2940,LAS LOMAS,MINI Cooper Classic,ESTÁNDAR,26/07/2012,267000.00,311610.00,2012,07-jul,2012-07-JUL
F-2968,LAS LOMAS,MINI Cooper Classic,ESTÁNDAR,04/11/2012,267000.00,311610.00,2012,11-nov,2012-11-NOV
F-2790,MONTERREY,MINI Cooper Green Park,ESTÁNDAR,27/01/2011,353600.00,325736.32,2011,01-ene,2011-01-ENE
F-2867,MONTERREY,MINI Cooper Green Park,ESTÁNDAR,22/11/2012,353600.00,332384.00,2012,11-nov,2012-11-NOV
F-2872,LAS LOMAS,MINI Cooper Green Park,ESTÁNDAR,05/02/2012,353600.00,332384.00,2012,02-feb,2012-02-FEB
F-2793,ZAPOPAN,MINI Cooper Hyde Park,ESTÁNDAR,17/02/2011,353600.00,325736.32,2011,02-feb,2011-02-FEB
F-2818,ZAPOPAN,MINI Cooper Hyde Park,ESTÁNDAR,27/05/2011,353600.00,364555.10,2011,05-may,2011-05-MAY
F-2868,LAS LOMAS,MINI Cooper Hyde Park,ESTÁNDAR,26/01/2012,353600.00,332384.00,2012,01-ene,2012-01-ENE
F-2875,ZAPOPAN,MINI Cooper Hyde Park,ESTÁNDAR,12/11/2012,353600.00,332384.00,2012,11-nov,2012-11-NOV
F-2918,ZAPOPAN,MINI Cooper Hyde Park,ESTÁNDAR,21/05/2012,353600.00,371995.00,2012,05-may,2012-05-MAY
F-2949,ZAPOPAN,MINI Cooper Hyde Park,ESTÁNDAR,26/08/2012,353600.00,371995.00,2012,08-ago,2012-08-AGO
F-2798,MONTERREY,MINI Cooper Oxford Street,ESTÁNDAR,10/03/2011,383500.00,364555.10,2011,03-mar,2011-03-MAR
F-2807,MONTERREY,MINI Cooper Oxford Street,ESTÁNDAR,05/04/2011,383500.00,289933.00,2011,04-abr,2011-04-ABR
F-2822,MONTERREY,MINI Cooper Oxford Street,ESTÁNDAR,14/06/2011,383500.00,321778.10,2011,06-jun,2011-06-JUN
F-2839,ZAPOPAN,MINI Cooper Oxford Street,ESTÁNDAR,22/09/2011,383500.00,321778.10,2011,09-sep,2011-09-SEP
F-2873,ZAPOPAN,MINI Cooper Oxford Street,ESTÁNDAR,07/02/2012,383500.00,371995.00,2012,02-feb,2012-02-FEB
F-2883,MONTERREY,MINI Cooper Oxford Street,ESTÁNDAR,04/03/2012,383500.00,371995.00,2012,03-mar,2012-03-MAR
F-2895,MONTERREY,MINI Cooper Oxford Street,ESTÁNDAR,30/03/2012,383500.00,295850.00,2012,03-mar,2012-03-MAR
F-2923,REFORMA,MINI Cooper Oxford Street,ESTÁNDAR,03/06/2012,383500.00,295850.00,2012,06-jun,2012-06-JUN
F-2924,MONTERREY,MINI Cooper Oxford Street,ESTÁNDAR,08/06/2012,383500.00,328345.00,2012,06-jun,2012-06-JUN
F-2955,ZAPOPAN,MINI Cooper Oxford Street,ESTÁNDAR,16/09/2012,383500.00,328345.00,2012,09-sep,2012-09-SEP
F-2795,REFORMA,MINI Cooper Pepper,ESTÁNDAR,24/02/2011,361600.00,333105.92,2011,02-feb,2011-02-FEB
F-2803,MONTERREY,MINI Cooper Pepper,ESTÁNDAR,28/03/2011,361600.00,364555.10,2011,03-mar,2011-03-MAR
F-2820,MONTERREY,MINI Cooper Pepper,ESTÁNDAR,02/06/2011,361600.00,272822.20,2011,06-jun,2011-06-JUN
F-2836,REFORMA,MINI Cooper Pepper,ESTÁNDAR,08/09/2011,361600.00,272822.20,2011,09-sep,2011-09-SEP
F-2853,LAS LOMAS,MINI Cooper Pepper,ESTÁNDAR,22/12/2011,361600.00,316912.40,2011,12-dic,2011-12-DIC
F-2870,MONTERREY,MINI Cooper Pepper,ESTÁNDAR,30/12/2012,361600.00,339904.00,2012,12-dic,2012-12-DIC
F-2877,REFORMA,MINI Cooper Pepper,ESTÁNDAR,19/02/2012,361600.00,339904.00,2012,02-feb,2012-02-FEB
F-2891,MONTERREY,MINI Cooper Pepper,ESTÁNDAR,22/03/2012,361600.00,371995.00,2012,03-mar,2012-03-MAR
F-2917,LAS LOMAS,MINI Cooper Pepper,ESTÁNDAR,20/05/2012,361600.00,371995.00,2012,05-may,2012-05-MAY
F-2920,MONTERREY,MINI Cooper Pepper,ESTÁNDAR,27/05/2012,361600.00,278390.00,2012,05-may,2012-05-MAY
F-2951,REFORMA,MINI Cooper Pepper,ESTÁNDAR,02/09/2012,361600.00,278390.00,2012,09-sep,2012-09-SEP
F-2954,REFORMA,MINI Cooper Pepper,ESTÁNDAR,12/09/2012,361600.00,323380.00,2012,09-sep,2012-09-SEP
F-2977,LAS LOMAS,MINI Cooper Pepper,ESTÁNDAR,16/12/2012,361600.00,323380.00,2012,12-dic,2012-12-DIC
F-2785,ZAPOPAN,MINI Cooper Salt,ESTÁNDAR,11/01/2011,285000.00,265335.00,2011,01-ene,2011-01-ENE
F-2786,ZAPOPAN,MINI Cooper Salt,ESTÁNDAR,13/01/2011,285000.00,265335.00,2011,01-ene,2011-01-ENE
F-2831,REFORMA,MINI Cooper Salt,ESTÁNDAR,04/08/2011,285000.00,325736.32,2011,08-ago,2011-08-AGO
F-2848,LAS LOMAS,MINI Cooper Salt,ESTÁNDAR,17/11/2011,285000.00,364555.10,2011,11-nov,2011-11-NOV
F-2859,ZAPOPAN,MINI Cooper Salt,ESTÁNDAR,06/01/2012,285000.00,270750.00,2012,01-ene,2012-01-ENE
F-2860,ZAPOPAN,MINI Cooper Salt,ESTÁNDAR,08/01/2012,285000.00,270750.00,2012,01-ene,2012-01-ENE
F-2910,REFORMA,MINI Cooper Salt,ESTÁNDAR,01/05/2012,285000.00,332384.00,2012,05-may,2012-05-MAY
F-2941,REFORMA,MINI Cooper Salt,ESTÁNDAR,29/07/2012,285000.00,332384.00,2012,07-jul,2012-07-JUL
F-2942,MONTERREY,MINI Cooper Salt,ESTÁNDAR,03/08/2012,285000.00,371995.00,2012,08-ago,2012-08-AGO
F-2969,LAS LOMAS,MINI Cooper Salt,ESTÁNDAR,11/11/2012,285000.00,371995.00,2012,11-nov,2012-11-NOV
